scale, offset, width, units,Output,Input->,5555
1.53E-05,0,16,%,0.0849915,,
0.000513579,-12,16,%,-9.147068655,,
0.000514,-12,16,%,-9.14473,,
0.0015259,0,16,%,8.4763745,,
0.001526,0,16,%,8.47693,,
0.0025,0,16,%,13.8875,,
0.003052,-100,16,%,-83.04614,,
0.003052,0,16,%,16.95386,,
0.003112598,-100,16,%,-82.70951811,,
0.025,0,12,%,138.875,,
0.045,0,16,%,249.975,,
0.048852,0,11,%,271.37286,,
0.1,0,10,%,555.5,,
0.1,-100,11,%,455.5,,
0.1,-100,16,%,455.5,,
0.108696,-5.22,10,%,598.58628,,
0.108696,0,16,%,603.80628,,
0.125,0,4,%,694.375,,
0.13725,0,8,%,762.42375,,
0.1953,0,8,%,1084.8915,,
0.2,-100,10,%,1011,,
0.25,0,8,%,1388.75,,
0.39,0,8,%,2166.45,,
0.3906,0,8,%,2169.783,,
0.390625,0,8,%,2169.921875,,
0.390625,-12800,16,%,-10630.07813,,
0.392,0,8,%,2177.56,,
0.392156863,0,8,%,2178.431374,,
0.392157,0,8,%,2178.432135,,
0.392157,0,9,%,2178.432135,,
0.39216,0,8,%,2178.4488,,
0.3922,0,8,%,2178.671,,
0.3937008,0,8,%,2187.007944,,
0.39374,0,8,%,2187.2257,,
0.4,0,8,%,2222,,
0.4694836,-15.0234742,8,%,2592.957924,,
0.469484,-15.0235,8,%,2592.96012,,
0.5,100,4,%,2877.5,,
0.5,-16,6,%,2761.5,,
0.5,-25,8,%,2752.5,,
0.5,0,8,%,2777.5,,
0.5,-127,9,%,2650.5,,
0.5,0,10,%,2777.5,,
0.78125,-100,8,%,4239.84375,,
0.78125,0,8,%,4339.84375,,
0.7874,0,8,%,4374.007,,
0.7874016,0,7,%,4374.015888,,
0.787402,0,7,%,4374.01811,,
0.787402,0,8,%,4374.01811,,
0.787402,0.000456,8,%,4374.018566,,
0.78741,0,7,%,4374.06255,,
0.8,-100,8,%,4344,,
1,0,4,%,5555,,
1,0,6,%,5555,,
1,0,7,%,5555,,
1,-125,8,%,5430,,
1,-100,8,%,5455,,
1,0,8,%,5555,,
1,-256,9,%,5299,,
1,0,10,%,5555,,
1,0,12,%,5555,,
1,-100,16,%,5455,,
1,0,16,%,5555,,
1,0,24,%,5555,,
1,0,32,%,5555,,
1.613,0,6,%,8960.215,,
2,0,6,%,11110,,
3.225806452,0,6,%,17919.35484,,
3.22581,0,5,%,17919.37455,,
3.333,0,5,%,18514.815,,
3.333333333,0,5,%,18516.66666,,
7.2,0,4,%,39996,,
8.33,0,4,%,46273.15,,
10,0,4,%,55550,,
12.5,12.5,3,%,69450,,
15625,999900,7,%,87796775,,
15873,0,6,%,88174515,,
0.108696,-5.217408,10,%,598.588872,,
0.393700787,0,8,%,2187.007872,,
1,0,5,%,5555,,
0.048828125,-6.20117,8,%,265.0390644,,
0.392156863,0,16,%,2178.431374,,
0.8,-101.6,8,%,4342.4,,
12.5,0,4,%,69437.5,,
0.434783,-5.22,8,%,2409.999565,,
0.434783,-5.217396,8,%,2410.002169,,
0.0196078,0,8,%,108.921329,,
0.3937,0,8,%,2187.0035,,
1,-128,8,%,5427,,
0.195,-25,8,%/10ms,1058.225,,
0.5,0,8,%/bar,2777.5,,
0.015625,0,7,%/ms,86.796875,,
0.04,-5,8,%/ms,217.2,,
0.00078125,0,16,%/rpm,4.33984375,,
0.000781262,0,16,%/rpm,4.33991041,,
1,0,7,%/s,5555,,
40,0,8,%/s,222200,,
25,0,8,%/s,138875,,
0.1,0,16,(m*m*m)/h,555.5,,
5.96E-08,0,16,1/(m*sec),0.000331078,,
0.0078125,-250,16,1/km,-206.6015625,,
1,-250,16,1/km,5305,,
6.10E-07,0,16,1/m,0.00338855,,
9.53E-07,0,16,1/m,0.005293915,,
2.50E-06,-0.0409575,15,1/m,-0.02707,,
5.00E-06,-0.01024,12,1/m,0.017535,,
5.00E-06,-0.01,12,1/m,0.017775,,
1.00E-05,0,16,1/m,0.05555,,
5.00E-05,0,13,1/m,0.27775,,
0.001,0,3,1/m,5.555,,
3.66E-09,0,16,1/m^2,2.03E-05,,
9.53E-07,0,16,1/m^2,0.005293915,,
0.25,0,16,1/min,1388.75,,
1,0,12,1/min,5555,,
1,0,16,1/min,5555,,
5.96E-08,0,16,1/rad/s,0.000331078,,
0.25,-512,12,1/Revolution,876.75,,
1,0,11,1000/Lambd,5555,,
1,0,32,100ns,5555,,
9.8,0,8,None,54439,,
25,0,8,None,138875,,
0.001,0,16,A,5.555,,
0.01,0,8,A,55.55,,
0.01,-400,16,A,-344.45,,
0.01,-327,16,A,-271.45,,
0.05,0,8,A,277.75,,
0.05,-1600,16,A,-1322.25,,
0.05,0,16,A,277.75,,
0.0625,-512,14,A,-164.8125,,
0.1,0,8,A,555.5,,
0.1,-102.4,11,A,453.1,,
0.1,-100,11,A,455.5,,
0.1,0,11,A,555.5,,
0.1,-200,12,A,355.5,,
0.1,-409.6,13,A,145.9,,
0.1,0,13,A,555.5,,
0.1,-819.2,14,A,-263.7,,
0.1,-3276.6,16,A,-2721.1,,
0.15,0,13,A,833.25,,
0.2,0,8,A,1111,,
0.2,-400,12,A,711,,
0.25,0,8,A,1388.75,,
0.390625,0,8,A,2169.921875,,
0.5,0,3,A,2777.5,,
0.5,-50,8,A,2727.5,,
0.5,0,8,A,2777.5,,
0.5,-200,10,A,2577.5,,
0.5,0,10,A,2777.5,,
1,0,5,A,5555,,
1,0,7,A,5555,,
1,-125,8,A,5430,,
1,-100,8,A,5455,,
1,0,8,A,5555,,
1,0,9,A,5555,,
1,-1024,11,A,4531,,
1,0,16,A,5555,,
2,0,8,A,11110,,
5,-640,8,A,27135,,
0.00390625,0,8,A,21.69921875,,
0.008,0,8,A,44.44,,
0.333,-43,8,A,1806.815,,
1,0,2,A,5555,,
1,-50,8,A,5505,,
1,0,6,A,5555,,
1,-511,10,A,5044,,
1,-192,8,A,5363,,
0.05,-64,12,A,213.75,,
0.12,0,8,A,666.6,,
0.24,0,8,A,1333.2,,
1,-127,8,A,5428,,
1,0,8,A/D reading,5555,,
1,0,8,ADW,5555,,
0.0078125,-100,15,Ah,-56.6015625,,
0.01,-100,16,Ah,-44.45,,
0.125,0,16,Ah,694.375,,
0.5,0,8,Ah,2777.5,,
0.5,0,10,Ah,2777.5,,
1,0,7,Ah,5555,,
0.025,0,8,Ah,138.875,,
1,0,8,AM,5555,,
10,0,4,AM,55550,,
1,0,32,appl,5555,,
1.003984064,0,32,appl,5577.131476,,
1,0,30,arc,5555,,
1,0,31,arc,5555,,
1,0,6,Arrow,5555,,
100,0,16,As,555500,,
1,0,8,Ascii,5555,,
1,0,16,Ascii,5555,,
1,0,6,Ascii,5555,,
1,0,5,Ascii,5555,,
1,0,3,Bar,5555,,
0.01,0,8,Bar,55.55,,
0.01,0,16,Bar,55.55,,
0.025,0,8,Bar,138.875,,
0.02745,0,8,Bar,152.48475,,
0.05,0,8,Bar,277.75,,
0.0625,0,11,Bar,347.1875,,
0.0625,-50,16,Bar,297.1875,,
0.1,0.7,6,Bar,556.2,,
0.1,0,8,Bar,555.5,,
0.1,0,9,Bar,555.5,,
0.1,0,11,Bar,555.5,,
0.1,0,12,Bar,555.5,,
0.1,0,16,Bar,555.5,,
0.125,0,7,Bar,694.375,,
0.125,0,8,Bar,694.375,,
0.2,0,8,Bar,1111,,
0.2,0,10,Bar,1111,,
0.25,0,10,Bar,1388.75,,
0.3255,-40,10,Bar,1768.1525,,
0.5,0,6,Bar,2777.5,,
1,0,6,Bar,5555,,
1,0,8,Bar,5555,,
0.01,0,9,Bar,55.55,,
0.04,0,8,Bar,222.2,,
0.3,-30,10,Bar,1636.5,,
1,0,7,Bar,5555,,
1,0,4,BCD,5555,,
1,0,24,BCD,5555,,
0.5,-50,8,C,2727.5,,
0.75,-48,8,C,4118.25,,
1,-60,8,C,5495,,
1,-40,8,C,5515,,
5,-40,8,C,27735,,
125,125,3,C,694500,,
0.01,-40,16,C,15.55,,
0.03125,-273,16,C,-99.40625,,
0.1,11,8,C,566.5,,
0.1,-40,11,C,515.5,,
0.1,-10,16,C,545.5,,
0.1,0,16,C,555.5,,
0.25,0,8,C,1388.75,,
0.5,14.5,5,C,2792,,
0.5,-40,8,C,2737.5,,
0.5,-20,8,C,2757.5,,
0.5,50,8,C,2827.5,,
0.5,-85,9,C,2692.5,,
1,-125,8,C,5430,,
1,-64,8,C,5491,,
1,-50,8,C,5505,,
1,-30,8,C,5525,,
2,-50,8,C,11060,,
3,-40,6,C,16625,,
10,0,8,C,55550,,
0.1,10,8,C,565.5,,
0.125,-40,10,C,654.375,,
0.5,14,8,C,2791.5,,
0.03125,-273,8,C,-99.40625,,
0.1,-10,10,C,545.5,,
0.125,-50,10,C,644.375,,
0.146628,-50,10,C,764.51854,,
0.25,-128,10,C,1260.75,,
0.333333,-30,8,C,1821.664815,,
0.5,-57,8,C,2720.5,,
0.5,0,8,C,2777.5,,
1,-40,7,C,5515,,
1,-273,16,C,5282,,
1,0,16,C,5555,,
3,0,8,C,16665,,
4,-40,8,C,22180,,
0.5,-41,8,C,2736.5,,
0.5,-40.5,8,C,2737,,
0.5,-50,10,C,2727.5,,
0.75,-40,8,C,4126.25,,
1,-68,8,C,5487,,
2,-40,8,C,11070,,
2,-60,10,C,11050,,
1,-58,8,C,5497,,
1,0,8,C,5555,,
0.25,0,8,cm,1388.75,,
1,0,8,cm,5555,,
1,0,12,cm,5555,,
1,-100000,21,cm,-94445,,
2,0,8,cm,11110,,
4,0,16,cm,22220,,
10,0,5,cm,55550,,
15,0,5,cm,83325,,
1,0,16,cm/s,5555,,
1,0,4,counts,5555,,
1,0,3,counts,5555,,
1,0,8,counts,5555,,
1,0,2,counts,5555,,
1,0,5,counts,5555,,
1,0,6,counts,5555,,
1,200,8,counts,5755,,
1,0,10,counts,5555,,
1,0,16,counts,5555,,
1,0,32,counts,5555,,
1.019920319,0,32,counts,5665.657372,,
1.019920629,0,16,counts,5665.659094,,
0.015625,0,16,Cp,86.796875,,
1,0,32,CVN,5555,,
1,0,8,Cyl Nr.,5555,,
1,0,4,Days,5555,,
1,0,5,Days,5555,,
1,1,5,Days,5556,,
1,0,8,Days,5555,,
0.25,0,8,Days,1388.75,,
1,0,6,Days,5555,,
1,-999,11,Days,4556,,
1,-2048,12,Days,3507,,
1,0,12,Days,5555,,
1,0,16,Days,5555,,
0.5,-127.5,8,dB,2650,,
1,0,4,dB,5555,,
1,0,5,dB,5555,,
1,0,8,dB,5555,,
1,0,16,dB,5555,,
1,30,8,dB,5585,,
1,0,2,decimal,5555,,
0.04395,0,15,Deg,244.14225,,
-0.1,0,8,Deg,-555.5,,
-0.1,0,10,Deg,-555.5,,
-0.1,0,16,Deg,-555.5,,
1.00E-07,-210,32,Deg,-209.9994445,,
1.00E-06,0,28,Deg,0.005555,,
3.05E-05,-250,24,Deg,-249.8305725,,
0.001,0,19,Deg,5.555,,
0.002,-64,16,Deg,-52.89,,
0.003890748,-125,16,Deg,-103.3868949,,
0.00390625,-125,16,Deg,-103.3007813,,
0.0054932,0,16,Deg,30.514726,,
0.00781,0,16,Deg,43.38455,,
0.007812466,-200,16,Deg,-156.6017514,,
0.007812466,0,16,Deg,43.39824863,,
0.0078125,-200,16,Deg,-156.6015625,,
0.0078125,0,16,Deg,43.3984375,,
0.01,0,16,Deg,55.55,,
0.015625,0,16,Deg,86.796875,,
0.03125,-273,16,Deg,-99.40625,,
0.04,0,10,Deg,222.2,,
0.04297,-88.00445,12,Deg,150.6939,,
0.05,0,10,Deg,277.75,,
0.0625,0,16,Deg,347.1875,,
0.1,0,4,Deg,555.5,,
0.1,0,7,Deg,555.5,,
0.1,0,9,Deg,555.5,,
0.1,0,10,Deg,555.5,,
0.1,0,11,Deg,555.5,,
0.1,0,12,Deg,555.5,,
0.1,-819.200012,14,Deg,-263.700012,,
0.1,-819.2,14,Deg,-263.7,,
0.1,-1638.35,15,Deg,-1082.85,,
0.1,-1600,15,Deg,-1044.5,,
0.1,-3200,16,Deg,-2644.5,,
0.1,0,16,Deg,555.5,,
0.113636,0,16,Deg,631.24798,,
0.125,0,11,Deg,694.375,,
0.125,0,12,Deg,694.375,,
0.25,-3,6,Deg,1385.75,,
0.25,-2,6,Deg,1386.75,,
0.3187251,-1307.888,13,Deg,462.6299305,,
0.375,-35.625,8,Deg,2047.5,,
0.5,-41,8,Deg,2736.5,,
0.5,-40.5,8,Deg,2737,,
0.5,-40,8,Deg,2737.5,,
0.5,14,8,Deg,2791.5,,
0.5,-40,9,Deg,2737.5,,
0.5,-2048,14,Deg,729.5,,
0.703125,-45,7,Deg,3860.859375,,
0.75,-48,8,Deg,4118.25,,
0.75,-40,8,Deg,4126.25,,
1,0,6,Deg,5555,,
1,-125,8,Deg,5430,,
1,-42,8,Deg,5513,,
1,-40,8,Deg,5515,,
1,0,8,Deg,5555,,
1,56,8,Deg,5611,,
1,58,8,Deg,5613,,
1,-600,16,Deg,4955,,
1,-200,16,Deg,5355,,
1,-250,24,Deg,5305,,
1.40784,0,8,Deg,7820.5512,,
1.407843137,0,8,Deg,7820.568626,,
1.417,0,8,Deg,7871.435,,
1.5,0,12,Deg,8332.5,,
2,-180,8,Deg,10930,,
2,-32768,15,Deg,-21658,,
2,-32768,16,Deg,-21658,,
10,-210,32,Deg,55340,,
45,0,3,Deg,249975,,
0.04395,-1440,16,Deg,-1195.85775,,
1,0,10,Deg,5555,,
2,0,8,Deg,11110,,
7.5,-7.5,6,Deg,41655,,
-0.5,0,12,Deg,-2777.5,,
3.33E-07,0,31,Deg,0.001849815,,
0.04,-20,10,Deg,202.2,,
0.1,-0.4,4,Deg,555.1,,
0.1,-12,8,Deg,543.5,,
0.1,-1000,15,Deg,-444.5,,
0.1,-2000,16,Deg,-1444.5,,
0.5,0,8,Deg,2777.5,,
1,-64,7,Deg,5491,,
1,-89,8,Deg,5466,,
1,-179,9,Deg,5376,,
1,0,9,Deg,5555,,
5.625,-500,10,Deg,30746.875,,
45,0,4,Deg,249975,,
0.04375,0,15,Deg,243.03125,, 
0.1,-1023,15,Deg,-467.5,,
0.06104,0,15,Deg/s,339.0772,,
0.03663,-75,12,Deg/s,128.47965,,
-1,0,16,Deg/s,-5555,,
0.005,-163.84,16,Deg/s,-136.065,,
0.01,-40.95,13,Deg/s,14.6,,
0.01221,-100,14,Deg/s,-32.17345,,
0.024,0,13,Deg/s,133.32,,
0.05,0,12,Deg/s,277.75,,
0.0625,0,12,Deg/s,347.1875,,
0.08,-10.24,8,Deg/s,434.16,,
0.08,-163.84,12,Deg/s,280.56,,
0.1,0,16,Deg/s,555.5,,
0.125,0,11,Deg/s,694.375,,
0.3187251,-1305.498,13,Deg/s,465.0199305,,
0.5,0,12,Deg/s,2777.5,,
0.5,-4096,14,Deg/s,-1318.5,,
1,0,1,Deg/s,5555,,
1,0,12,Deg/s,5555,,
1,0,16,Deg/s,5555,,
0.002,-64,16,Deg/s,-52.89,,
0.007796934,-250,16,Deg/s,-206.6880316,,
0.0078125,-250,16,Deg/s,-206.6015625,,
0.0390625,0,10,Deg/s,216.9921875,,
1,0,6,Deg/s,5555,,
2,0,8,Deg/s,11110,,
0.01,-327.68,16,Deg/s,-272.13,,
0.1,-360,15,Deg/s,195.5,,
4,0,8,Deg/s,22220,,
0.024,0,13,deg/s^2,133.32,,
1,0,8,deg/s^2,5555,,
1,0,9,Degrees CW,5555,,
0.1,0,13,DegreOfArc,555.5,,
0.01,0,14,DegreOfArcPerSecon,55.55,,
5,0,9,DegreOfArcPerSecon,27775,,
1,0,8,Detentions,5555,,
1,0,6,Detentions,5555,,
0.001,0,16,Dimensionless,5.555,,
1,0,1,Dimensionless,5555,,
1,0,2,Dimensionless,5555,,
1,0,8,Dimensionless,5555,,
1,0,16,Dimensionless,5555,,
1,0,8,Dimentionless,5555,,
1,0,5,Dimming level,5555,,
1,0,1,Discrete,5555,,
1,0,2,Discrete,5555,,
1,0,8,Discrete,5555,,
1,0,4,discs,5555,,
0.1,0,8,dm3/m/s,555.5,,
1,0,2,enum,5555,,
1,-40,8,F,5515,,
1,0,16,F,5555,,
1,-42,8,F,5513,,
1,56,8,F,5611,,
1,0,8,fls/min,5555,,
0.01,-1.27,8,ForceOfGravi,54.28,,
10,-20460,12,ft,35090,,
0.08,0,8,g,444.4,,
0.000127465,-4.17677312,16,g,-3.468705045,,
0.000127465,-4.17677,16,g,-3.468701925,,
0.01,-1.27,8,g,54.28,,
0.01,0,8,g,55.55,,
0.1,0,16,g,555.5,,
0.5,0,8,g,2777.5,,
1,-128,8,g,5427,,
4,0,8,g,22220,,
0.00392157,0,8,g,21.78432135,,
3.05E-05,0,16,g/cc,0.1694275,,
0.3,0,16,g/h,1666.5,,
0.01,0,16,g/kg,55.55,,
0.08,0,8,g/L,444.4,,
1,0,12,g/l,5555,,
0.000976562,0,16,g/s,5.42480191,,
0.000977,0,16,g/s,5.427235,,
0.01,0,16,g/s,55.55,,
0.25,0,8,g/s,1388.75,,
0.1,0,16,gal,555.5,,
2.08E-05,0,8,gal,0.115544,,
0.04375,0,15,Grad,243.03125,,
0.0625,0,12,Grad/s,347.1875,,
0.01,0,14,Grad/s,55.55,,
0.04375,0,15,Grad/Sek,243.03125,,
1,0,8,hh,5555,,
1.322,0,12,hPa,7343.71,,
7.795275591,0,8,hPa,43302.75591,,
7.8,0,8,hPA,43329,,
10,0,8,hPa,55550,,
21.22,0,8,hPa,117877.1,,
125,0,8,hPa,694375,,
128,0,8,hPa,711040,,
0.0078125,0,16,hr,43.3984375,,
0.0625,0,12,hr,347.1875,,
1,0,5,hr,5555,,
1,0,8,hr,5555,,
1,0,9,hr,5555,,
2,0,8,hr,11110,,
1,0,12,hr,5555,,
0.05,0,32,hr,277.75,,
0.1,0,16,hr,555.5,,
0.2,0,16,hr,1111,,
0.25,0,8,hr,1388.75,,
1,0,4,hr,5555,,
1,-125,8,hr,5430,,
1,-32127,16,hr,-26572,,
1,-31873,16,hr,-26318,,
0.5,0,8,Hz,2777.5,,
1,0,4,Hz,5555,,
1,0,16,Hz,5555,,
1,0,4,Illumination level,5555,,
1,0,8,Impulses,5555,,
1,0,12,Impulses,5555,,
0.001953125,-64,16,inches H2O,-53.15039063,,
0.00195312,-64,16,inches H2O,-53.1504184,,
50,0,10,J,277750,,
1,0,17,Julian,5555,,
1,0,16,julian day,5555,,
0.0625,0,16,K,347.1875,,
1,0,4,Kennlinie,5555,,
0.1,0,11,kg,555.5,,
0.5,0,16,kg,2777.5,,
0.5,0,32,kg,2777.5,,
1,-16449535,24,kg,-16443980,,
1,0,24,kg,5555,,
2,0,16,kg,11110,,
2,-16449535,24,kg,-16438425,,
2,0,24,kg,11110,,
10,0,16,kg,55550,,
32,0,8,kg,177760,,
0.004,0,16,kg*m*m,22.22,,
0.1,0,10,kg/100km,555.5,,
0.05,0,16,kg/h,277.75,,
0.2,0,16,kg/h,1111,,
0.2,0,16,kg/h per bit,1111,,
0.05,0,16,kg/hr,277.75,,
0.2,0,16,kg/hr,1111,,
0.004,0,16,kg-m,22.22,,
1,0,16,kg-m^2,5555,,
0.01,0,5,kg-m^2,55.55,,
1,0,24,kHz,5555,,
1,0,5,KiloNewto,5555,,
0.01,0,16,KiloPascal,55.55,,
1,0,16,kilopascal,5555,,
1,0,9,KiloWatt,5555,,
1,0,16,km,5555,,
1,0,20,km,5555,,
1000,0,7,km,5555000,,
0.005,0,32,km,27.775,,
0.010588,0,8,km,58.81634,,
0.015625,0,16,km,86.796875,,
0.015625,0,17,km,86.796875,,
0.015625,0,23,km,86.796875,,
0.015625,0,32,km,86.796875,,
0.0625,0,24,km,347.1875,,
0.1,0,12,km,555.5,,
0.1,0,14,km,555.5,,
0.1,0,15,km,555.5,,
0.1,0,17,km,555.5,,
0.1,0,24,km,555.5,,
0.125,0,32,km,694.375,,
1,0,8,km,5555,,
1,0,11,km,5555,,
1,0,12,km,5555,,
1,-32767,16,km,-27212,,
1,-8388607,24,km,-8383052,,
1,0,24,km,5555,,
2,0,15,km,11110,,
5,-160635,16,km,-132860,,
5,-159365,16,km,-131590,,
5,0,32,km,27775,,
100,0,10,km,555500,,
1000,0,6,km,5555000,,
1,-99999,24,km,-94444,,
1,0,17,km,5555,,
1,0,7,km/h,5555,,
0.0075,0,16,km/h,41.6625,,
0.01,0,16,km/h,55.55,,
0.32,0,10,km/h,1777.6,,
0.01,0,15,km/h,55.55,,
0.015625,0,15,km/h,86.796875,,
0.03125,0,14,km/h,173.59375,,
0.0625,0,12,km/h,347.1875,,
1,0,8,km/h,5555,,
2,0,8,km/h,11110,,
0.003906249,0,16,km/h,21.6992132,,
0.00390625,0,16,km/h,21.69921875,,
0.0078125,0,8,km/h,43.3984375,,
0.0078125,0,16,km/h,43.3984375,,
0.01,0,1,km/h,55.55,,
0.01,-67.67,16,km/h,-12.12,,
0.015625,0,16,km/h,86.796875,,
0.01852,0,16,km/h,102.8786,,
0.0311,0,16,km/h,172.7605,,
0.0625,-7.8125,8,km/h,339.375,,
0.0625,0,13,km/h,347.1875,,
0.1,0,8,km/h,555.5,,
0.1,0,12,km/h,555.5,,
0.125,0,12,km/h,694.375,,
0.5,0,10,km/h,2777.5,,
1,-2,5,km/h,5553,,
1,0,12,km/h,5555,,
1.28,0,8,km/h,7110.4,,
10,0,4,km/h,55550,,
0.5,0,9,km/h,2777.5,,
1,-32,6,km/h,5523,,
1,30,8,km/h,5585,,
5,0,6,km/h,27775,,
0.00390625,-125,16,km/h,-103.3007813,,
0.00391,0,16,km/h,21.72005,,
0.001953125,0,16,km/kg,10.84960938,,
0.001953155,0,16,km/kg,10.84977603,,
0.1,0,12,km/l,555.5,,
0.001953125,0,16,km/L,10.84960938,,
0.00195313,0,16,km/L,10.84963715,,
0.001953155,0,16,km/L,10.84977603,,
0.2,0,8,kmpl,1111,,
0.1,0,9,Kn,555.5,,
1,0,5,kN,5555,,
0.1,0,9,KN/bit,555.5,,
0.007812466,-250,16,kPa,-206.6017514,,
0.0078125,-250,16,kPa,-206.6015625,,
0.01953125,0,16,kPa,108.4960938,,
0.05,0,8,kPa,277.75,,
0.1,0,8,kPa,555.5,,
0.1,0,16,kPa,555.5,,
0.125,0,16,kPa,694.375,,
0.47058,0,8,kPa,2614.0719,,
0.5,0,8,kPa,2777.5,,
0.5,0,16,kPa,2777.5,,
0.55,-119.7,8,kPa,2935.55,,
0.8,0,8,kPa,4444,,
1,-100,8,kPa,5455,,
1,0,8,kPa,5555,,
1,-110,9,kPa,5445,,
1,0,10,kPa,5555,,
1,0,16,kPa,5555,,
1.64,-7,8,kPa,9103.2,,
2,0,8,kPa,11110,,
2,0,9,kPa,11110,,
2,0,16,kPa,11110,,
2.5,0,8,kPa,13887.5,,
3.13725,0,8,kPa,17427.42375,,
3.137254902,0,8,kPa,17427.45098,,
4,0,8,kPa,22220,,
5,0,8,kPa,27775,,
5,0,16,kPa,27775,,
8,0,8,kPa,44440,,
10,0,8,kPa,55550,,
10,0,16,kPa,55550,,
14,0,8,kPa,77770,,
16,0,8,kPa,88880,,
75,0,8,kPa,416625,,
1,0,8,kPaA,5555,,
1,0,8,kPaG,5555,,
4,0,8,kPaG,22220,,
14,0,8,kPaG,77770,,
41,0,6,kPaG,227755,,
0.1,0,12,kph,555.5,,
0.0078125,0,16,kph,43.3984375,,
0.01,0,16,kph,55.55,,
0.01,0,15,kph,55.55,,
0.01,-100,16,kph,-44.45,,
0.1,0,8,kph,555.5,,
0.22,0,13,kph,1222.1,,
0.5,0,3,kph,2777.5,,
0.5,0,9,kph,2777.5,,
0.5,0,10,kph,2777.5,,
1,0,2,kph,5555,,
1,0,6,kph,5555,,
1,0,8,kph,5555,,
1,0,16,kph,5555,,
2,0,8,kph,11110,,
1,-30,6,kph,5525,,
5,0,5,kph,27775,,
0.00245,0.706,8,kph/cnt,14.31575,,
0.01172,-384,16,kW,-318.8954,,
0.04,0,8,kW,222.2,,
0.1,0,8,kW,555.5,,
0.1,0,10,kW,555.5,,
0.25,0,8,kW,1388.75,,
0.5,0,4,kW,2777.5,,
0.5,-326.6,13,kW,2450.9,,
0.5,0,16,kW,2777.5,,
1,0,8,kW,5555,,
1,0,9,kW,5555,,
1,0,10,kW,5555,,
1,0,16,kW,5555,,
5,0,7,kW,27775,,
0.001,0,16,kWh,5.555,,
1,0,32,kWh,5555,,
0.01,0,16,kWh/100km,55.55,,
0.1,0,10,kWh/100km,555.5,,
0.001,0,32,L,5.555,,
0.1,-2,6,L,553.5,,
0.1,0,7,L,555.5,,
0.1,0,8,L,555.5,,
0.1,0,11,L,555.5,,
0.5,-62.5,8,L,2715,,
0.5,0,32,L,2777.5,,
1,0,7,L,5555,,
1,0,8,L,5555,,
1,0,32,L,5555,,
2,0,16,L,11110,,
0.2,0,10,L,1111,,
3.05E-05,0,16,L,0.1694275,,
0.00390625,0,16,L,21.69921875,,
3.05E-06,0,16,L,0.01694275,,
0.125,0,12,L,694.375,,
0.5,0,9,L,2777.5,,
1,36,8,L,5591,,
0.1,0,10,l/100km,555.5,,
0.21668,0,16,l/100ms,1203.6574,,
0.216681417,0,16,l/250ms,1203.665271,,
0.05,0,16,L/hr,277.75,,
1,0,16,L/hr,5555,,
0.0022,0,16,l/hr,12.221,,
0.025,0,12,l/hr,138.875,,
0.1,0,8,l/min,555.5,,
0.05,0,8,l/min,277.75,,
0.521555,0,8,l/min,2897.238025,,
0.001,0,8,l/mm,5.555,,
0.5,0,9,l/s,2777.5,,
0.5,0,8,l/s,2777.5,,
20,0,6,l/Zyl,111100,,
10,0,8,l/Zyl.,55550,,
0.1,5.5,8,Lambda,561,,
100,0,8,Lbs.,555500,,
375,0,8,lux,2083125,,
0.001,0,16,m,5.555,,
1.00E-07,-209.7152,32,m,-209.7146445,,
0.00025722,0,32,m,1.4288571,,
0.00390625,0,10,m,21.69921875,,
0.0039064,0,15,m,21.700052,,
0.005,-1000,11,m,-972.225,,
0.005,0,11,m,27.775,,
0.01,0,7,m,55.55,,
0.01,0,8,m,55.55,,
0.01,-2.56,10,m,52.99,,
0.01,0,12,m,55.55,,
0.01,0,32,m,55.55,,
0.015625,0,16,m,86.796875,,
0.02,0,6,m,111.1,,
0.02,0,11,m,111.1,,
0.04,0,11,m,222.2,,
0.04,0,13,m,222.2,,
0.05,0,7,m,277.75,,
0.05,0,8,m,277.75,,
0.05,0,13,m,277.75,,
0.0625,0,10,m,347.1875,,
0.0625,0,12,m,347.1875,,
0.073,0,11,m,405.515,,
0.1,0,8,m,555.5,,
0.1,-20,9,m,535.5,,
0.1,0,11,m,555.5,,
0.1,0,12,m,555.5,,
0.1,-209.7152,32,m,345.7848,,
0.125,0,10,m,694.375,,
0.125,0,11,m,694.375,,
0.125,0,12,m,694.375,,
0.125,0,13,m,694.375,,
0.125,-2500,16,m,-1805.625,,
0.15,0.15,4,m,833.4,,
0.2,0,12,m,1111,,
0.200000003,0,7,m,1111.000017,,
0.25,0,6,m,1388.75,,
0.25,0,10,m,1388.75,,
0.25,0,16,m,1388.75,,
0.28992584,-1000,16,m,610.5380412,,
0.5,0,8,m,2777.5,,
1,0,4,m,5555,,
1,0,6,m,5555,,
1,0,8,m,5555,,
1,-256,9,m,5299,,
1,-512,10,m,5043,,
1,0,10,m,5555,,
1,0,12,m,5555,,
1,0,13,m,5555,,
1,-1000,14,m,4555,,
1,0,14,m,5555,,
1,0,16,m,5555,,
2,0,8,m,11110,,
2.5,0,8,m,13887.5,,
3,0,5,m,16665,,
5,0,6,m,27775,,
6,0,5,m,33330,,
9.8,0,8,m,54439,,
10,0,3,m,55550,,
10,0,4,m,55550,,
10,0,7,m,55550,,
10,0,8,m,55550,,
50,0,7,m,277750,,
100,0,7,m,555500,,
100,-209.7152,32,m,555290.2848,,
128,0,13,m,711040,,
0.0021363,-120,16,m,-108.1328535,,
0.0030519,-100,16,m,-83.0466955,,
0.1,0,7,m,555.5,,
0.2,0,8,m,1111,,
0.1,0,16,m/hr,555.5,,
0.002,0,8,m/m,11.11,,
0.1,0,8,m/m,555.5,,
0.001,-32.768,16,m/s,-27.213,,
0.002759506,0,15,m/s,15.32905583,,
0.002759506,0,16,m/s,15.32905583,,
0.002759506,0,24,m/s,15.32905583,,
0.002763889,0,16,m/s,15.3534034,,
0.0039,-20,13,m/s,1.6645,,
0.01,0,13,m/s,55.55,,
0.01,0,16,m/s,55.55,,
0.0189408,0,12,m/s,105.216144,,
0.02,0,8,m/s,111.1,,
0.025,0,12,m/s,138.875,,
0.03125,0,12,m/s,173.59375,,
0.05,0,8,m/s,277.75,,
0.0625,0,12,m/s,347.1875,,
0.071028,0,12,m/s,394.56054,,
0.1,0,11,m/s,555.5,,
0.1,-170,12,m/s,385.5,,
0.125,0,11,m/s,694.375,,
0.2,-12.8,9,m/s,1098.2,,
0.25,0,8,m/s,1388.75,,
0.2857,-146.278,10,m/s,1440.7855,,
0.000488273,-15.687,16,m/s,-12.97464349,,
0.000488281,-15.687,16,m/s,-12.97459905,,
0.002,-65,16,m/s,-53.89,,
0.004885,-16,12,m/s,11.136175,,
0.01,-320,16,m/s,-264.45,,
0.02,-2.56,8,m/s,108.54,,
0.02,-40.96,12,m/s,70.14,,
0.0312,0,8,m/s,173.316,,
0.08,-10.24,8,m/s,434.16,,
0.08,-40.8,9,m/s,403.6,,
0.08,0,9,m/s,444.4,,
0.08,-40.88,10,m/s,403.52,,
0.1,-12.5,8,m/s,543,,
0.1,0,8,m/s,555.5,,
1,-12.5,8,m/s,5542.5,,
1,-15.687,16,m/s,5539.313,,
0.000488281,-15.687,16,m/s/s,-12.97459905,,
0.01,-320,16,m/s/s,-264.45,,
0.1,-12.5,8,m/s/s,543,,
0.1,-11,8,m/s/s,544.5,,
0.001,-4.094,12,m/s^2,1.461,,
0.0039,-20,13,m/s^2,1.6645,,
0.01,-5,10,m/s^2,50.55,,
0.01,-0.4,10,m/s^2,55.15,,
0.01,-10.23,11,m/s^2,45.32,,
0.01,0,12,m/s^2,55.55,,
0.01,-40,13,m/s^2,15.55,,
0.01,-30,15,m/s^2,25.55,,
0.01,0,16,m/s^2,55.55,,
0.015625,0,12,m/s^2,86.796875,,
0.02,-2.56,8,m/s^2,108.54,,
0.02,-40.96,12,m/s^2,70.14,,
0.03,0,10,m/s^2,166.65,,
0.035,-17.9,10,m/s^2,176.525,,
0.035,0,10,m/s^2,194.425,,
0.05,-12.75,8,m/s^2,265,,
0.0625,0,10,m/s^2,347.1875,,
0.1,-4.2,6,m/s^2,551.3,,
0.1,0,11,m/s^2,555.5,,
0.1,0,16,m/s^2,555.5,,
0.125,0,9,m/s^2,694.375,,
0.125,0,11,m/s^2,694.375,,
1,0,3,m/s^2,5555,,
0.5,-256,10,m/s^2,2521.5,,
-0.02,0,9,m/s^2,-111.1,,
0.001,0,15,m/s^2,5.555,,
0.001,0,16,m/s^2,5.555,,
0.0015384,0,16,m/s^2,8.545812,,
0.009573,-19.6,12,m/s^2,33.578015,,
0.01,-16,12,m/s^2,39.55,,
0.01436,-29.4,12,m/s^2,50.3698,,
0.0161,0,12,m/s^2,89.4355,,
0.02,-3.5,8,m/s^2,107.6,,
0.02,-512,10,m/s^2,-400.9,,
0.024,-3.984,8,m/s^2,129.336,,
0.0312,0,8,m/s^2,173.316,,
0.05,0,10,m/s^2,277.75,,
0.161,0,10,m/s^2,894.355,,
0.005,-7.22,11,m/s^2,20.555,,
0.024,0,6,m/s^2,133.32,,
0.024,-2.016,9,m/s^2,131.304,,
0.024,-20.016,10,m/s^2,113.304,,
0.03125,-16,10,m/s^2,157.59375,,
0.048,-7.968,8,m/s^2,258.672,,
0.0625,0,5,m/s^2,347.1875,,
0.125,-3.875,5,m/s^3,690.5,,
0.125,0,6,m/s^3,694.375,,
0.05,0,8,m/s^3,277.75,,
0.1,0,16,m^3/h,555.5,,
1,0,16,mAhr,5555,,
0.301748514,-648000000,32,mas,-647998323.8,,
0.301748514,-324000000,32,mas,-323998323.8,,
3.6,300,8,mbar,20298,,
5,-1200,8,mbar,26575,,
5,600,8,mbar,28375,,
10,500,6,mbar,56050,,
15,0,8,mbar,83325,,
8,0,7,mbar,44440,,
4,0,8,mbar,22220,,
18,0,6,mbar,99990,,
0.39,0,8,MDI,2166.45,,
0.39,0,12,MDI,2166.45,,
0.2,0,16,mg/cycle/cyl,1111,,
0.03125,0,16,mg/H,173.59375,,
5.447,0,8,mg/TDC,30258.085,,
25,0,10,Micro_Liter,138875,,
1,0,15,Micro_Liter,5555,,
200,0,8,Micro_Liter,1111000,,
2000,0,8,Micro_Liter,11110000,,
5,0,8,microSiemens/mm,27775,,
0.000125,0,8,Miles,0.694375,,
1,0,8,miles / hour,5555,,
1,0,32,milliseconds,5555,,
1,0,6,Min,5555,,
0.5,0,12,Min,2777.5,,
1,0,5,Min,5555,,
1,0,8,Min,5555,,
1,0,10,Min,5555,,
1,0,11,Min,5555,,
1,0,12,Min,5555,,
1,0,16,Min,5555,,
1,0,24,Min,5555,,
1,0,32,Min,5555,,
2,0,8,Min,11110,,
4,0,8,Min,22220,,
5,0,6,Min,27775,,
15,-720,7,Min,82605,,
1,-125,8,Min,5430,,
0.0001,0,14,Min,0.5555,,
0.5,0,16,Min,2777.5,,
1,0,6,MinutInver,5555,,
0.25,0,16,MinutInver,1388.75,,
1,0,14,MinutInver,5555,,
3,0,12,MinutInver,16665,,
10,0,8,MinutInver,55550,,
12.5,0,8,MinutInver,69437.5,,
25,0,8,MinutInver,138875,,
25,0,9,MinutInver,138875,,
50,0,8,MinutInver,277750,,
0.36,0,14,MJ,1999.8,,
1,0,13,ml,5555,,
125,0,5,ml,694375,,
0.782779,-200,9,mm,4148.337345,,
1,0,12,mm,5555,,
0.01,-163.84,15,mm,-108.29,,
0.1,-3200,16,mm,-2644.5,,
0.1,-2800,16,mm,-2244.5,,
0.1,0,16,mm,555.5,,
0.125,0,12,mm,694.375,,
0.25,0,4,mm,1388.75,,
0.31496063,0,8,mm,1749.6063,,
0.3913895,0,16,mm,2174.168673,,
1,0,5,mm,5555,,
1,0,6,mm,5555,,
1,-128,8,mm,5427,,
1,-127,8,mm,5428,,
1,-100,8,mm,5455,,
1,200,8,mm,5755,,
1,-32000,16,mm,-26445,,
1,-3200,16,mm,2355,,
1,0,16,mm,5555,,
3,800,10,mm,17465,,
5,1440,8,mm,29215,,
10,0,8,mm,55550,,
1,0,7,mm/s,5555,,
1,0,10,mm/s,5555,,
0.05,0,12,mm3/stk,277.75,,
1,0,32,mmHg,5555,,
10.7316,458.98,5,mmHg,60073.018,,
10.731613,458.98,5,mmHg,60073.09022,,
1,2000,6,model-year,7555,,
0.05,0,11,mOhm,277.75,,
1,0,16,mOhm,5555,,
10,0,8,mOhm,55550,,
1,0,4,Month,5555,,
1,1,4,Month,5556,,
1,0,8,Month,5555,,
1,0,6,Month,5555,,
0.00390625,0,16,MPa,21.69921875,,
0.003906311,0,16,MPa,21.69955761,,
0.1,0,8,MPa,555.5,,
100,0,8,MPa,555500,,
0.1,0,10,MPG,555.5,,
1,0,8,MPG,5555,,
0.0062,-67.67,16,mph,-33.229,,
0.0062,0,16,mph,34.441,,
0.01,0,16,mph,55.55,,
0.0375,0,11,mph,208.3125,,
0.05,-25,12,mph,252.75,,
1,0,8,mph,5555,,
0.05,-102.4,12,mrad,175.35,,
0.001526,-50,16,ms,-41.52307,,
1,0,32,ms,5555,,
20,0,8,ms,111100,,
1,0,7,ms,5555,,
0.00146628,0,10,ms,8.1451854,,
0.0078125,0,8,ms,43.3984375,,
0.01,0,16,ms,55.55,,
0.1,0,16,ms,555.5,,
0.25,0,4,ms,1388.75,,
0.5,0,8,ms,2777.5,,
1,0,8,ms,5555,,
1,0,11,ms,5555,,
1,0,27,ms,5555,,
4,12,5,ms,22232,,
4,0,8,ms,22220,,
5,0,8,ms,27775,,
5,0,9,ms,27775,,
8,0,8,ms,44440,,
10,0,8,ms,55550,,
10,0,10,ms,55550,,
16,0,7,ms,88880,,
1,0,30,ms arc,5555,,
1,0,31,ms arc,5555,,
1,-200,11,mV,5355,,
0.4,0,8,mW/cm,2222,,
0.4,0,8,mW/cm/cm,2222,,
1,0,8,mW/cm^2,5555,,
5,0,16,N,27775,,
10,-320000,16,N,-264450,,
50,-25575,10,N,252175,,
78.125,0,8,N,433984.375,,
1,0,8,N,5555,,
1,0,4,N,5555,,
1,-50,16,Nernst Voltage,5505,,
10,0,8,NewtoMeterPerSecon,55550,,
0.02,0,10,Nm,111.1,,
0.25,0,8,Nm,1388.75,,
0.5,0,6,Nm,2777.5,,
1,-509,9,Nm,5046,,
1,0,9,Nm,5555,,
1,-509,10,Nm,5046,,
1,-100,10,Nm,5455,,
1,0,10,Nm,5555,,
2,0,8,Nm,11110,,
8,0,12,Nm,44440,,
-0.005,0,14,Nm,-27.775,,
0.001953125,-2,11,Nm,8.849609375,,
0.005,0,8,Nm,27.775,,
0.0078,0,8,Nm,43.329,,
0.0078125,-8,11,Nm,35.3984375,,
0.01,0,11,Nm,55.55,,
0.01,-20.5,12,Nm,35.05,,
0.01,-20.48,12,Nm,35.07,,
0.01,0,14,Nm,55.55,,
0.05,-100,12,Nm,177.75,,
0.0625,-8,8,Nm,339.1875,,
0.0625,0,8,Nm,347.1875,,
0.1,0,9,Nm,555.5,,
0.1,-800,14,Nm,-244.5,,
0.2,0,8,Nm,1111,,
0.25,-200,12,Nm,1188.75,,
0.25,-500,13,Nm,888.75,,
0.25,0,13,Nm,1388.75,,
0.5,0,8,Nm,2777.5,,
0.5,-1023.5,12,Nm,1754,,
0.5,-848,12,Nm,1929.5,,
0.5,-5,12,Nm,2772.5,,
0.5,0,12,Nm,2777.5,,
1,0,1,Nm,5555,,
1,-155,8,Nm,5400,,
1,-100,8,Nm,5455,,
1,0,8,NM,5555,,
1,-512,10,Nm,5043,,
1,-1023,11,Nm,4532,,
1,-500,11,Nm,5055,,
1,0,11,Nm,5555,,
1,0,12,Nm,5555,,
1,-1250,13,Nm,4305,,
1,0,14,Nm,5555,,
1,-32000,16,Nm,-26445,,
1,-10000,16,NM,-4445,,
1,0,16,Nm,5555,,
2,0,9,Nm,11110,,
2,0,11,Nm,11110,,
2,-4095,12,Nm,7015,,
2,0,16,Nm,11110,,
3,0,12,Nm,16665,,
4,0,8,Nm,22220,,
4,0,12,Nm,22220,,
4,-16380,13,Nm,5840,,
4,0,13,Nm,22220,,
4,0,14,Nm,22220,,
4,-131072,16,Nm,-108852,,
8,0,8,Nm,44440,,
8,-12376,13,Nm,32064,,
10,0,6,Nm,55550,,
10,0,7,Nm,55550,,
10,0,8,Nm,55550,,
10,-7767,12,Nm,47783,,
10,0,12,Nm,55550,,
12,0,8,Nm,66660,,
15,-1920,8,Nm,81405,,
15,0,8,Nm,83325,,
25,-3200,8,Nm,135675,,
64,-16384,9,Nm,339136,,
78,0,8,Nm,433290,,
3,-381,8,Nm/min,16284,,
0.0146628,0,10,Nm/ms,81.451854,,
1,0,11,Nm/s,5555,,
10,0,8,Nm/s,55550,,
16,0,6,Nm/s,88880,,
100,-100,4,Nm/s,555400,,
1,0,8,None,5555,,
1,0,11,None,5555,,
1,0,4,None,5555,,
1,0,12,None,5555,,
0.5,0,8,None,2777.5,,
0.0048875,0,10,None,27.1500625,,
0.392157,0,8,None,2178.432135,,
12.5,12.5,3,None,69450,,
1,0,64,None,5555,,
1,0,5,None,5555,,
0.0078125,0,16,None,43.3984375,,
1.00E-07,-180,32,None,-179.9994445,,
1.00E-07,-90,32,None,-89.9994445,,
0.002747,-90,16,None,-74.740415,,
0.005,-81.92,15,None,-54.145,,
0.02,-10.24,10,None,100.86,,
0.025,-3.2,8,None,135.675,,
0.04395,-1440.11,16,None,-1195.96775,,
0.1,-12.7,8,None,542.8,,
0.1,-819.2,14,None,-263.7,,
0.1,-720,16,None,-164.5,,
0.1,0,16,None,555.5,,
0.16,-20.48,8,None,868.32,,
0.2,-20,8,None,1091,,
0.5,-2048,14,None,729.5,,
1,-50,7,None,5505,,
1,0,7,None,5555,,
1,-90,8,None,5465,,
1.416996047,0,8,None,7871.413041,,
0.01,-327.68,16,None,-272.13,,
0.08,-10.24,8,None,434.16,,
0.08,-163.84,12,None,280.56,,
0.5,-4096,14,None,-1318.5,,
1,0,10,None,5555,,
1,-2000,12,None,3555,,
1,-1000,12,None,4555,,
0.75,-48,8,None,4118.25,,
1.5,-768,10,None,7564.5,,
2.5,-720,10,None,13167.5,,
0.05,-6.375,8,None,271.375,,
0.01,0,14,None,55.55,,
1,1,4,None,5556,,
1,-32768,16,None,-27213,,
0.033333333,1,4,None,186.1666648,,
1,0,1,None,5555,,
1,0,2,None,5555,,
1,0,3,None,5555,,
78.125,0,8,None,433984.375,,
0.1,0,8,None,555.5,,
0.125,0,8,None,694.375,,
1,0,6,None,5555,,
1,0,16,None,5555,,
1,0,32,None,5555,,
50,0,8,None,277750,,
0.25,-128,10,None,1260.75,,
0.01,0,16,None,55.55,,
10,500,6,None,56050,,
0.1,-780,16,None,-224.5,,
0.1,-11,8,None,544.5,,
1,-40,8,None,5515,,
0.2,-100,10,None,1011,,
-1,0,16,None,-5555,,
2.00E-08,0,16,None,0.0001111,,
1.00E-05,0,32,None,0.05555,,
1.53E-05,-0.0625,13,None,0.0224915,,
3.05E-05,0,16,None,0.1694275,,
6.10E-05,-1,16,None,-0.661145,,
0.0001,0,16,None,0.5555,,
0.00012207,0,16,None,0.67809885,,
0.000122076,0,16,None,0.67813218,,
0.0002,-6.5,16,None,-5.389,,
0.000488,0,16,None,2.71084,,
0.000488281,0,16,None,2.712400955,,
0.001,0,11,None,5.555,,
0.001,0,14,None,5.555,,
0.001,0,16,None,5.555,,
0.001526,0,16,None,8.47693,,
0.003906,0,15,None,21.69783,,
0.003906248,0,10,None,21.69920764,,
0.00390625,0,10,None,21.69921875,,
0.00390625,0,15,None,21.69921875,,
0.005,0,8,None,27.775,,
0.005,-163.84,16,None,-136.065,,
0.007795276,0,8,None,43.30275818,,
0.0078,0,8,None,43.329,,
0.00781,0,8,None,43.38455,,
0.0078125,0,14,None,43.3984375,,
0.00787,0,8,None,43.71785,,
0.01,0,7,None,55.55,,
0.01,2,9,None,57.55,,
0.01,0,11,None,55.55,,
0.01,-20.48,12,None,35.07,,
0.01,-40.95,13,None,14.6,,
0.01,0,15,None,55.55,,
0.01,-100,16,None,-44.45,,
0.015625,-103,10,None,-16.203125,,
0.015625,-103,16,None,-16.203125,,
0.015625,-1.609375,16,None,85.1875,,
0.019685039,1,8,None,110.3503916,,
0.02,0,6,None,111.1,,
0.025,0,15,None,138.875,,
0.03,0,4,None,166.65,,
0.03,0,16,None,166.65,,
0.03125,0,8,None,173.59375,,
0.0323,0,5,None,179.4265,,
0.035,-17.9,10,None,176.525,,
0.04,-5,8,None,217.2,,
0.04375,0,15,None,243.03125,,
0.05,0,5,None,277.75,,
0.05,0,16,None,277.75,,
0.0618,0,8,None,343.299,,
0.078431,0,8,None,435.684205,,
0.078431373,0,8,None,435.686277,,
0.1,0,4,None,555.5,,
0.1,-1,5,None,554.5,,
0.1,0,6,None,555.5,,
0.1,0,7,None,555.5,,
0.1,0,9,None,555.5,,
0.1,0,10,None,555.5,,
0.1,-204.8,12,None,350.7,,
0.1,-1600,15,None,-1044.5,,
0.1,-1000,15,None,-444.5,,
0.1,0,15,None,555.5,,
0.1,-3200,16,None,-2644.5,,
0.117,0,16,None,649.935,,
0.125,0,2,None,694.375,,
0.125,-50,10,None,644.375,,
0.125,-4096,16,None,-3401.625,,
0.126992032,-656,16,None,49.44073776,,
0.126992032,-83.3,16,None,622.1407378,,
0.2,0,5,None,1111,,
0.2,0,8,None,1111,,
0.249,-31.6,8,None,1351.595,,
0.25,0,16,None,1388.75,,
0.253984064,-328,16,None,1082.881476,,
0.253984064,-83.3,16,None,1327.581476,,
0.375,-35.625,8,None,2047.5,,
0.375,-23.625,8,None,2059.5,,
0.393701,0,8,None,2187.009055,,
0.434783,-5.2174,8,None,2410.002165,,
0.5,0,5,None,2777.5,,
0.5,0,7,None,2777.5,,
0.5,-41,8,None,2736.5,,
0.5,-40,8,None,2737.5,,
0.5,-30,8,None,2747.5,,
0.5,0,12,None,2777.5,,
0.625,0,12,None,3471.875,,
0.66,0,16,None,3666.3,,
0.75,-40,8,None,4126.25,,
0.787402,0,7,None,4374.01811,,
0.9766,0,13,None,5425.013,,
1,1,1,None,5556,,
1,2,1,None,5557,,
1,1,2,None,5556,,
1,-3,3,None,5552,,
1,-7,4,None,5548,,
1,-5,4,None,5550,,
1,1,5,None,5556,,
1,2000,5,None,7555,,
1,-30,6,None,5525,,
1,2000,6,None,7555,,
1,-64,7,None,5491,,
1,2014,7,None,7569,,
1,-127,8,None,5428,,
1,-125,8,None,5430,,
1,-100,8,None,5455,,
1,-60,8,None,5495,,
1,-30,8,None,5525,,
1,-1,8,None,5554,,
1,2000,8,None,7555,,
1,0,9,None,5555,,
1,-512,10,None,5043,,
1,-1024,11,None,4531,,
1,-2048,12,None,3507,,
1,2101248,12,None,2106803,,
1,0,13,None,5555,,
1,0,14,None,5555,,
1,0,15,None,5555,,
1,-32767,16,None,-27212,,
1,-2048,16,None,3507,,
1,-1,16,None,5554,,
1,0,17,None,5555,,
1,0,18,None,5555,,
1,0,19,None,5555,,
1,0,20,None,5555,,
1,0,21,None,5555,,
1,0,22,None,5555,,
1,0,23,None,5555,,
1,0,24,None,5555,,
1,0,25,None,5555,,
1,0,26,None,5555,,
1,0,27,None,5555,,
1,0,28,None,5555,,
1,0,29,None,5555,,
1,0,30,None,5555,,
1,0,31,None,5555,,
1,0,33,None,5555,,
1,0,34,None,5555,,
1,0,35,None,5555,,
1,0,36,None,5555,,
1,0,37,None,5555,,
1,0,39,None,5555,,
1,0,40,None,5555,,
1,0,42,None,5555,,
1,0,43,None,5555,,
1,0,44,None,5555,,
1,0,45,None,5555,,
1,0,46,None,5555,,
1,0,47,None,5555,,
1,0,48,None,5555,,
1,0,50,None,5555,,
1,0,51,None,5555,,
1,0,52,None,5555,,
1,0,53,None,5555,,
1,0,55,None,5555,,
1,0,56,None,5555,,
1,0,57,None,5555,,
1,0,60,None,5555,,
1,0,61,None,5555,,
1,0,62,None,5555,,
1.02,0,8,None,5666.1,,
1.12993,-566,11,None,5710.76115,,
1.417,0,8,None,7871.435,,
2,0,2,None,11110,,
2,-32768,15,None,-21658,,
2,-32768,16,None,-21658,,
3.225,0.025,5,None,17914.9,,
3.333,0,5,None,18514.815,,
4,0,6,None,22220,,
4,0,8,None,22220,,
4,0,13,None,22220,,
4,-131072,16,None,-108852,,
5,0,5,None,27775,,
5,0,8,None,27775,,
5,0,9,None,27775,,
10,0,4,None,55550,,
999,0,4,None,5549445,,
1,32,5,None,5587,,
1,64,5,None,5619,,
1,96,5,None,5651,,
1,56,8,None,5611,,
1,58,8,None,5613,,
1,-200,9,None,5355,,
15,0,8,None,83325,,
21.5686,0,10,None,119813.573,,
2,0,8,None,11110,,
2048,0,14,None,11376640,,
1,-12,5,None,5543,,
1,-32,6,None,5523,,
0.01172,0,12,NW,65.1046,,
0.0469,0,11,NW,260.5295,,
0.001,0,16,Ohm,5.555,,
0.1,0,16,Ohm,555.5,,
0.5,0,12,Ohm,2777.5,,
1,0,10,Ohm,5555,,
10,0,12,Ohm/V,55550,,
0.1,0,16,Pa/s,555.5,,
1,0,16,per byte,5555,,
1,0,32,per byte,5555,,
6.06E-08,0,32,per byte,0.000336633,,
1,0,40,per byte,5555,,
1,0,56,per byte,5555,,
1.02,0,8,per byte,5666.1,,
0.0002,0,16,pix/sec,1.111,,
1,0,8,pounds/inch^2,5555,,
0.05,-200,16,ppm,77.75,,
1,-125,8,ppm,5430,,
1,0,11,ppm,5555,,
1,0,16,ppm,5555,,
1,0,32,ppm,5555,,
0.1,-30,10,PSI,525.5,,
1,0,8,PSI,5555,,
1,0,16,PSI,5555,,
1,0,32,PSI,5555,,
2,0,8,PSI,11110,,
1,0,6,Pulse,5555,,
1,0,8,Pulse,5555,,
1,0,13,Pulse,5555,,
0.5,0,8,Pulse,2777.5,,
1,0,1,Pulse,5555,,
1,1,2,Qtr,5556,,
1000,0,32,r,5555000,,
0.000976547,-31.374,16,rad,-25.94928142,,
0.000976563,-31.374,16,rad,-25.94919254,,
0.002,-0.5,9,rad,10.61,,
0.00625,0,10,rad,34.71875,,
0.000122014,-3.92,16,rad/s,-3.24221223,,
0.00012207,-3.92,16,rad/s,-3.24190115,,
0.0002,-0.82,12,rad/s,0.291,,
0.0002,-6.5,16,rad/s,-5.389,,
0.0002,0,16,rad/s,1.111,,
0.01,0,15,rad/s,55.55,,
0.01,0,16,rad/s,55.55,,
0.04,0,14,rad/s,222.2,,
0.1,0,15,rad/s,555.5,,
1000,0,32,rev,5555000,,
1000,0,16,rev,5555000,,
0.001953125,0,16,Rev/s,10.84960938,,
0.0625,0,16,ml,347.1875,,
0.0078125,0,14,rot,43.3984375,,
0.0078125,0,16,rot,43.3984375,,
0.007813,0,16,rot,43.401215,,
1,350,8,Km,5905,,
1,0,16,Revolutions,5555,,
0.125,0,15,rpm,694.375,,
0.125,0,16,rpm,694.375,,
0.25,0,14,rpm,1388.75,,
0.25,0,15,rpm,1388.75,,
0.25,0,16,rpm,1388.75,,
0.5,-250,10,rpm,2527.5,,
0.5,0,14,rpm,2777.5,,
0.5,0,16,rpm,2777.5,,
1,0,1,rpm,5555,,
1,0,5,rpm,5555,,
1,-127,8,rpm,5428,,
1,0,8,rpm,5555,,
1,0,10,rpm,5555,,
1,0,11,rpm,5555,,
1,0,13,rpm,5555,,
1,0,14,rpm,5555,,
1,0,15,rpm,5555,,
1,-32768,16,rpm,-27213,,
1,0,16,rpm,5555,,
1,0,64,rpm,5555,,
2,0,11,rpm,11110,,
2,0,12,rpm,11110,,
2,0,13,rpm,11110,,
2.5,0,12,rpm,13887.5,,
4,0,6,rpm,22220,,
4,500,8,rpm,22720,,
4,0,11,rpm,22220,,
4,0,12,rpm,22220,,
4,0,16,rpm,22220,,
8,0,8,rpm,44440,,
8,0,10,rpm,44440,,
10,0,8,rpm,55550,,
10,500,8,rpm,56050,,
10,0,9,rpm,55550,,
20,0,8,rpm,111100,,
25,600,8,rpm,139475,,
25,2000,8,rpm,140875,,
25,0,10,rpm,138875,,
32,0,8,rpm,177760,,
50,0,8,rpm,277750,,
100,450,4,rpm,555950,,
250,500,5,rpm,1389250,,
250,1000,5,rpm,1389750,,
1,-512,10,rpm/20ms,5043,,
0.05,-25.6,10,rpm/ms,252.15,,
0.5,-2048,14,s,729.5,,
5.12E-05,0,16,s,0.284416,,
0.01,0,16,s,55.55,,
0.01,0,24,s,55.55,,
0.025,0,12,s,138.875,,
0.1,0,5,s,555.5,,
0.1,0,7,s,555.5,,
0.1,0,8,s,555.5,,
0.1,0,16,s,555.5,,
0.25,0,8,s,1388.75,,
1,0,6,s,5555,,
1,0,8,s,5555,,
1,0,16,s,5555,,
1,0,32,s,5555,,
20,0,8,s,111100,,
51.2,0,16,s,284416,,
1,0,2,s,5555,,
0.01,0,7,s,55.55,,
0.01,-1.26,8,s,54.29,,
0.0125,0,8,s,69.4375,,
0.1,0,4,s,555.5,,
0.1,-3276.8,16,s,-2721.3,,
1,-3276.8,16,s,2278.2,,
1,-134217727,28,s,-134212172,,
2,0,16,s,11110,,
4,0,15,s,22220,,
1,0,11,s,5555,,
1,-100,16,s,5455,,
1,0,17,s,5555,,
15,0,6,s,83325,,
1,0,16,s^0.5,5555,,
1,0,1,SED,5555,,
1,0,2,SED,5555,,
1,0,3,SED,5555,,
1,0,4,SED,5555,,
1,0,5,SED,5555,,
1,0,6,SED,5555,,
1,0,8,SED,5555,,
1,0,10,SED,5555,,
1,0,4,Segments,5555,,
1,0,1,SES,5555,,
0.1,0,12,speed,555.5,,
0.5,0,9,speed,2777.5,,
1,0,8,Speed limit,5555,,
1,0,4,Steps,5555,,
1,-10,5,Steps,5545,,
1,-10,6,Steps,5545,,
1,0,6,Steps,5555,,
1,0,8,Steps,5555,,
0.5,0,5,Steps,2777.5,,
1,0,3,Steps,5555,,
1,0,5,Steps,5555,,
1,-32,6,turns,5523,,
0.25,0,16,U/min,1388.75,,
1,0,7,U/min,5555,,
10,0,8,U/min,55550,,
25,0,8,U/min,138875,,
100,0,6,U/min,555500,,
100,0,8,U/min,555500,,
0.002,0,15,U/sec,11.11,,
0.128,0,16,ul,711.04,,
1,0,15,ul,5555,,
10,0,8,Umin,55550,,
4,0,12,upm,22220,,
0.002,0,11,uSec,11.11,,
0.04,0,8,usec,222.2,,
0.1,10.6,6,v,566.1,,
0.05,0.5,8,v,278.25,,
0.1,0,8,v,555.5,,
1,100,8,v,5655,,
0.000976563,3,14,v,8.424807465,,
0.001,1.5,12,v,7.055,,
0.001,6,14,v,11.555,,
0.00488,0,10,v,27.1084,,
0.004882813,0,10,v,27.12402622,,
0.00488759,0,10,v,27.15056245,,
0.0078125,0,32,v,43.3984375,,
0.01,5,10,v,60.55,,
0.01,0,13,v,55.55,,
0.019607843,0,8,v,108.9215679,,
0.025,0,10,v,138.875,,
0.05,5,8,v,282.75,,
0.05,0,9,v,277.75,,
0.05,-1605.625,16,v,-1327.875,,
0.05,0,16,v,277.75,,
0.0625,0,8,v,347.1875,,
0.1,0,3,v,555.5,,
0.1,0,7,v,555.5,,
0.1,15,8,v,570.5,,
0.1,25,8,v,580.5,,
0.1,0,10,v,555.5,,
0.1,0,13,v,555.5,,
0.1,0,16,v,555.5,,
0.1015625,0,8,v,564.1796875,,
0.101563,0,8,v,564.182465,,
0.125,0,12,v,694.375,,
0.2,0,8,v,1111,,
1,0,8,v,5555,,
1,0,9,v,5555,,
1,0,16,v,5555,,
2,0,8,v,11110,,
0.00125,0,12,v,6.94375,,
0.004887586,0,10,v,27.15054023,,
0.025,10.6,8,v,149.475,,
0.05,0,8,v,277.75,,
0.16,0,7,v,888.8,,
0.000976562,0,16,v,5.42480191,,
0.000976563,0,16,v,5.424807465,,
0.0196078,0,8,v,108.921329,,
0.05,6,8,v,283.75,,
0.0618,0,8,v,343.299,,
0.07843,0,8,v,435.67865,,
0.1,3,8,v,558.5,,
0.25,0,8,v,1388.75,,
0.1,0,6,V/s,555.5,,
0.1,0,8,V/s,555.5,,
1,-2000000000,32,VAr,-1999994445,,
1,0,3,Vent./Zyl.,5555,,
1,0,4,Vent./Zyl.,5555,,
50,0,8,W,277750,,
0.5,32,4,W,2809.5,,
1,-2000000000,32,W,-1999994445,,
2,0,16,W,11110,,
4,0,13,W,22220,,
10,0,8,W,55550,,
10,0,10,W,55550,,
20,-2560,8,W,108540,,
20,0,8,W,111100,,
50,0,7,W,277750,,
100,0,8,W,555500,,
50,-1600,6,W,276150,,
5,0,8,W/m^2,27775,,
3,0,8,W/m2,16665,,
1,-125,8,Weeks,5430,,
1,0,8,Yards,5555,,
1,2000,7,Year,7555,,
1,1,5,Year,5556,,
1,2010,5,Year,7565,,
1,2000,6,Year,7555,,
1,2000,8,Year,7555,,
1,0,7,Year,5555,,
1,0,8,Year,5555,,
1,1985,8,Year,7540,,
1,0,16,Year,5555,,
